video_name,extraction_is_none,extraction_type,has_error_key,extraction_keys,extraction_preview
-44_igsZtgU.mp4,True,None,False,,
-c7Ca2CY6x8.mp4,False,dict,True,['error'],"{'error': 'Invalid operation: The `response.parts` quick accessor requires a single candidate, but but `response.candidates` is empty.\nThis appears to be caused by a blocked prompt, see `response.pro"
-cSFPIwMEq4.mp4,True,None,False,,
06WUc7y8vak.mp4,True,None,False,,
0K8lrVjT6fM.mp4,True,None,False,,
0XSNrKgA94g.mp4,True,None,False,,
0etzTTWyISw.mp4,True,None,False,,
26bw-hBiAAI.mp4,True,None,False,,
2k88FGifTFI.mp4,True,None,False,,
2nwRiuh1Cug.mp4,True,None,False,,
2xwUuSM06xQ.mp4,True,None,False,,
2zfqw8nhUwA.mp4,True,None,False,,
350tD8E7htM.mp4,True,None,False,,
3RnT8kVXbHA.mp4,True,None,False,,
3dnW8QJxHD0.mp4,True,None,False,,
3t6bLugtJkQ.mp4,True,None,False,,
3wdaADBIoH8.mp4,True,None,False,,
47cAxRX3aDg.mp4,True,None,False,,
4FlwJwL6kdo.mp4,True,None,False,,
4hnBp7x2QAE.mp4,True,None,False,,
4kvHbFmj38w.mp4,True,None,False,,
4nIUcRJX9-o.mp4,True,None,False,,
5AP5zQrJRIg.mp4,True,None,False,,
5AuLkMBAFZg.mp4,True,None,False,,
5NYMRt59d78.mp4,True,None,False,,
5Oag8iBB7HE.mp4,True,None,False,,
5zjTJ4YPfDw.mp4,True,None,False,,
6HNKqffU3Cc.mp4,True,None,False,,
6i-nMWgBUp0.mp4,True,None,False,,
7IcGYHU8WBo.mp4,True,None,False,,
7aUTdYsZda8.mp4,True,None,False,,
7pOoSe2K5DU.mp4,True,None,False,,
80S3N-QnpZk.mp4,True,None,False,,
83_ceB0TsiY.mp4,True,None,False,,
86IpU3g-S8Q.mp4,True,None,False,,
88KNf0MtU14.mp4,True,None,False,,
8hDtBVP3U4Q.mp4,True,None,False,,
8iXdsvgpwc8.mp4,True,None,False,,
8uK-mCxVl84.mp4,True,None,False,,
9cLZQ_2ITLI.mp4,True,None,False,,
9gspElv1yvc.mp4,True,None,False,,
9sz6xhPkGJ4.mp4,True,None,False,,
A-taWymx1WI.mp4,True,None,False,,
AZMSAzZ76EU.mp4,True,None,False,,
BDan7ClvO3Y.mp4,True,None,False,,
BDj1fYlwR00.mp4,True,None,False,,
BoKUmFuV7iQ.mp4,True,None,False,,
C39GKOf9clo.mp4,True,None,False,,
C7kmm16PoDY.mp4,True,None,False,,
C_8TGTKdrlY.mp4,True,None,False,,
CceSRMmhv3w.mp4,True,None,False,,
Ccj7qX_NdJw.mp4,True,None,False,,
CtWirGxV7Q8.mp4,True,None,False,,
DYYy8_GCdn4.mp4,True,None,False,,
Dlf1_vuIR4I.mp4,True,None,False,,
E1GrfYVfxpY.mp4,True,None,False,,
EYEHUOpwNvE.mp4,True,None,False,,
EjQ5Yw72xtA.mp4,True,None,False,,
EmzgkMsf_GQ.mp4,True,None,False,,
F-n-2itvI6M.mp4,True,None,False,,
FlzMcscSa4A.mp4,True,None,False,,
GEVMkdScUZc.mp4,True,None,False,,
GXru4Q7Lgxo.mp4,True,None,False,,
GdZxbmEHW7M.mp4,True,None,False,,
H02iwWCrXew.mp4,True,None,False,,
H50wW4eAFKo.mp4,True,None,False,,
HTOP6TOJwOI.mp4,True,None,False,,
Ht3HsVs9alo.mp4,True,None,False,,
Htbo1yW6qeU.mp4,True,None,False,,
Hv7t_zFUDBk.mp4,True,None,False,,
IQovoot_ZUM.mp4,True,None,False,,
IuUyMMXix8M.mp4,True,None,False,,
JJmqCKtJnxM.mp4,True,None,False,,
JqNjeNeJzuA.mp4,True,None,False,,
K45m79fEyz8.mp4,True,None,False,,
KJXzkUH72cY.mp4,True,None,False,,
LJP1DphOWPs.mp4,True,None,False,,
LO6TpbqTTxI.mp4,True,None,False,,
Lvd5gy1Xqps.mp4,True,None,False,,
MP-p9i85sNc.mp4,True,None,False,,
MWDwZWCfp64.mp4,True,None,False,,
MX145Tu4MHY.mp4,True,None,False,,
MXiJBp7HK5o.mp4,True,None,False,,
MfzNEmqeIWo.mp4,True,None,False,,
NeXMxuNNlE8.mp4,True,None,False,,
Nfh92hKLO6c.mp4,True,None,False,,
Nmgice3ieZ4.mp4,True,None,False,,
NpwdcmjBgNA.mp4,True,None,False,,
O7aSsaTqBCc.mp4,True,None,False,,
OWZ6xtVLmzA.mp4,True,None,False,,
ObdSno1uoQs.mp4,True,None,False,,
P9LHzVEPodg.mp4,True,None,False,,
PXTagE7BtRU.mp4,True,None,False,,
PjquJ5hi6zE.mp4,True,None,False,,
PmrTDZy3f2M.mp4,True,None,False,,
QSgnWYlUtj4.mp4,True,None,False,,
Qg0pO9VG1J8.mp4,True,None,False,,
QxafIhYFOr0.mp4,True,None,False,,
R-hl57xTLE8.mp4,True,None,False,,
RBQ-IoHfimQ.mp4,True,None,False,,
RzDr18UYO18.mp4,True,None,False,,
S2nBBMbjS8w.mp4,True,None,False,,
S3QH-ZriX7E.mp4,True,None,False,,
SILvPVVAhBo.mp4,True,None,False,,
SaeJUCVEp2s.mp4,True,None,False,,
Sw3tEcz2PK0.mp4,True,None,False,,
TSF8EKPxPVU.mp4,True,None,False,,
TSRvY1kKebY.mp4,True,None,False,,
ThIrw_LpuRA.mp4,True,None,False,,
Tjnddp_pOac.mp4,True,None,False,,
TL4LEfRr1TI.mp4,False,dict,True,['error'],{'error': '429 Resource has been exhausted (e.g. check quota).'}
Ti6saRaKJYM.mp4,False,dict,True,['error'],{'error': '429 Resource has been exhausted (e.g. check quota).'}
TosjG0E191U.mp4,False,dict,True,['error'],{'error': '429 Resource has been exhausted (e.g. check quota).'}
TsQXQGaasUg.mp4,False,dict,True,['error'],{'error': '429 Resource has been exhausted (e.g. check quota).'}
U-VzZQGWOqA.mp4,False,dict,True,['error'],{'error': '429 Resource has been exhausted (e.g. check quota).'}
U3jgo5ea_zc.mp4,True,None,False,,
TusJ8HSLaUs.mp4,False,dict,True,['error'],{'error': '429 Resource has been exhausted (e.g. check quota).'}
U6xmeqm8k7Q.mp4,False,dict,True,['error'],{'error': '429 Resource has been exhausted (e.g. check quota).'}
U219eUIZ7Qo.mp4,False,dict,True,['error'],{'error': '429 Resource has been exhausted (e.g. check quota).'}
U9gBE9g_iZY.mp4,False,dict,True,['error'],{'error': '429 Resource has been exhausted (e.g. check quota).'}
U7pdH1cVbyY.mp4,False,dict,True,['error'],{'error': '429 Resource has been exhausted (e.g. check quota).'}
UK9VU1aJvTI.mp4,False,dict,True,['error'],{'error': '429 Resource has been exhausted (e.g. check quota).'}
UIOdk3AhVA0.mp4,False,dict,True,['error'],{'error': '429 Resource has been exhausted (e.g. check quota).'}
UKn_7fyB5fw.mp4,False,dict,True,['error'],{'error': '429 Resource has been exhausted (e.g. check quota).'}
UNabu9daJUc.mp4,False,dict,True,['error'],{'error': '429 Resource has been exhausted (e.g. check quota).'}
UQtqa5F88LM.mp4,True,None,False,,
USD2QsP-Rzw.mp4,False,dict,True,['error'],{'error': '429 Resource has been exhausted (e.g. check quota).'}
TypQ-iYqiLg.mp4,False,dict,True,['error'],{'error': '429 Resource has been exhausted (e.g. check quota).'}
UKDWPYO0slE.mp4,False,dict,True,['error'],{'error': '429 Resource has been exhausted (e.g. check quota).'}
UU0SP91D9Js.mp4,False,dict,True,['error'],{'error': '429 Resource has been exhausted (e.g. check quota).'}
UTQinvFuX3M.mp4,False,dict,True,['error'],{'error': '429 Resource has been exhausted (e.g. check quota).'}
Ug75diEyiA0.mp4,True,None,False,,
UVYUCU8XSLE.mp4,False,dict,True,['error'],{'error': '429 Resource has been exhausted (e.g. check quota).'}
Ug_iluxQ1IQ.mp4,False,dict,True,['error'],{'error': '429 Resource has been exhausted (e.g. check quota).'}
UmwQjuJttwk.mp4,True,None,False,,
Uj6G1C6c0uw.mp4,False,dict,True,['error'],{'error': '429 Resource has been exhausted (e.g. check quota).'}
UrEPJkajMSE.mp4,False,dict,True,['error'],{'error': '429 Resource has been exhausted (e.g. check quota).'}
Uq3NsDX4Clo.mp4,False,dict,True,['error'],{'error': '429 Resource has been exhausted (e.g. check quota).'}
UzNcixxdnZs.mp4,False,dict,True,['error'],{'error': '429 Resource has been exhausted (e.g. check quota).'}
UzPq0hDdDhs.mp4,False,dict,True,['error'],{'error': '429 Resource has been exhausted (e.g. check quota).'}
V44DI0ZP8Cg.mp4,False,dict,True,['error'],{'error': '429 Resource has been exhausted (e.g. check quota).'}
V6F2szDteSI.mp4,True,None,False,,
UC9qnjOUjss.mp4,False,dict,True,['error'],{'error': '429 Resource has been exhausted (e.g. check quota).'}
V7g4e5m5aRc.mp4,False,dict,True,['error'],{'error': '429 Resource has been exhausted (e.g. check quota).'}
UvDs7RDKCag.mp4,False,dict,True,['error'],{'error': '429 Resource has been exhausted (e.g. check quota).'}
VFYiqDh0UxE.mp4,False,dict,True,['error'],{'error': '429 Resource has been exhausted (e.g. check quota).'}
VK03aVJekGg.mp4,True,None,False,,
V9epMG_zeYw.mp4,False,dict,True,['error'],{'error': '429 Resource has been exhausted (e.g. check quota).'}
VOv1IQCoBnQ.mp4,True,None,False,,
VJwFUNHtCJQ.mp4,False,dict,True,['error'],{'error': '429 Resource has been exhausted (e.g. check quota).'}
VRrMu7B1L2I.mp4,False,dict,True,['error'],{'error': '429 Resource has been exhausted (e.g. check quota).'}
VSdxqIBfEAw.mp4,False,dict,True,['error'],{'error': '429 Resource has been exhausted (e.g. check quota).'}
UYy1GmJgFXA.mp4,False,dict,True,['error'],{'error': '429 Resource has been exhausted (e.g. check quota).'}
VWPlZSL9ZMc.mp4,False,dict,True,['error'],{'error': '429 Resource has been exhausted (e.g. check quota).'}
VX32RKuqIVs.mp4,False,dict,True,['error'],{'error': '429 Resource has been exhausted (e.g. check quota).'}
VX5au0LOJp8.mp4,False,dict,True,['error'],{'error': '429 Resource has been exhausted (e.g. check quota).'}
VMjRSnokms8.mp4,False,dict,True,['error'],{'error': '429 Resource has been exhausted (e.g. check quota).'}
VPlxNhEc2lA.mp4,False,dict,True,['error'],{'error': '429 Resource has been exhausted (e.g. check quota).'}
VT9XM1SSkv0.mp4,False,dict,True,['error'],{'error': '429 Resource has been exhausted (e.g. check quota).'}
VcSBO8YAnTQ.mp4,False,dict,True,['error'],{'error': '429 Resource has been exhausted (e.g. check quota).'}
V_3H_Y5QUWw.mp4,False,dict,True,['error'],{'error': '429 Resource has been exhausted (e.g. check quota).'}
VdonoCCQF9o.mp4,False,dict,True,['error'],{'error': '429 Resource has been exhausted (e.g. check quota).'}
VbVa0cPAJ1g.mp4,False,dict,True,['error'],{'error': '429 Resource has been exhausted (e.g. check quota).'}
V_gGAPOZbFA.mp4,False,dict,True,['error'],{'error': '429 Resource has been exhausted (e.g. check quota).'}
Vf2rlIqGlqM.mp4,False,dict,True,['error'],{'error': '429 Resource has been exhausted (e.g. check quota).'}
VhK5gJDmSc8.mp4,False,dict,True,['error'],{'error': '429 Resource has been exhausted (e.g. check quota).'}
VoP0tAvHcGY.mp4,False,dict,True,['error'],{'error': '429 Resource has been exhausted (e.g. check quota).'}
Vxd9W0RVgFY.mp4,True,None,False,,
VyLXZ2GQS7Y.mp4,False,dict,True,['error'],{'error': '429 Resource has been exhausted (e.g. check quota).'}
VjGU3I9degQ.mp4,False,dict,True,['error'],{'error': '429 Resource has been exhausted (e.g. check quota).'}
W-2MXzendwA.mp4,True,None,False,,
Vz5DXIezqr4.mp4,False,dict,True,['error'],{'error': '429 Resource has been exhausted (e.g. check quota).'}
Vn2ZyRUZ4-s.mp4,False,dict,True,['error'],{'error': '429 Resource has been exhausted (e.g. check quota).'}
WA1h9h7-_Z4.mp4,True,None,False,,
WEJJUGJZxpU.mp4,True,None,False,,
WEv1DrfntZ4.mp4,True,None,False,,
Vjn2JKrlkcU.mp4,False,dict,True,['error'],{'error': '429 Resource has been exhausted (e.g. check quota).'}
WF_HqZrrx0c.mp4,True,None,False,,
WFNXwor69-U.mp4,False,dict,True,['error'],{'error': '429 Resource has been exhausted (e.g. check quota).'}
W5N5Hlt7B2M.mp4,False,dict,True,['error'],{'error': '429 Resource has been exhausted (e.g. check quota).'}
WGsch35hQHM.mp4,False,dict,True,['error'],{'error': '429 Resource has been exhausted (e.g. check quota).'}
WHdYDNs0qq4.mp4,False,dict,True,['error'],{'error': '429 Resource has been exhausted (e.g. check quota).'}
WLU75lftzc8.mp4,True,None,False,,
W5W_i8oa9cE.mp4,False,dict,True,['error'],{'error': '429 Resource has been exhausted (e.g. check quota).'}
WTHkY42X8FI.f399.mp4,True,None,False,,
WIlPFRsseQ8.mp4,False,dict,True,['error'],{'error': '429 Resource has been exhausted (e.g. check quota).'}
WfMVC2BOFSw.mp4,False,dict,True,['error'],{'error': '429 Resource has been exhausted (e.g. check quota).'}
WZElUMthBPI.mp4,False,dict,True,['error'],{'error': '429 Resource has been exhausted (e.g. check quota).'}
WSDvRkmTNA4.mp4,False,dict,True,['error'],{'error': '429 Resource has been exhausted (e.g. check quota).'}
WGQdXUw2uSU.mp4,False,dict,True,['error'],{'error': '429 Resource has been exhausted (e.g. check quota).'}
WfTJL_h0XfY.mp4,False,dict,True,['error'],{'error': '429 Resource has been exhausted (e.g. check quota).'}
WlNH9bzju8U.mp4,True,None,False,,
WlUvQkW4B1k.mp4,True,None,False,,
WhF7dQl4Ico.mp4,False,dict,True,['error'],{'error': '429 Resource has been exhausted (e.g. check quota).'}
WikU5oIkL8c.mp4,False,dict,True,['error'],{'error': '429 Resource has been exhausted (e.g. check quota).'}
WrE6iE7xnN0.mp4,False,dict,True,['error'],{'error': '429 Resource has been exhausted (e.g. check quota).'}
Ws-yd9YPfdE.mp4,True,None,False,,
WxG7LgQ2Sig.mp4,False,dict,True,['error'],{'error': '429 Resource has been exhausted (e.g. check quota).'}
WxgBXJM6zJ8.mp4,True,None,False,,
X2cs8gnb42A.mp4,False,dict,True,['error'],{'error': '429 Resource has been exhausted (e.g. check quota).'}
WpByXzdMQfk.mp4,False,dict,True,['error'],{'error': '429 Resource has been exhausted (e.g. check quota).'}
Wo6BkRgvYF8.mp4,False,dict,True,['error'],{'error': '429 Resource has been exhausted (e.g. check quota).'}
X5vjQQXauD0.mp4,False,dict,True,['error'],{'error': '429 Resource has been exhausted (e.g. check quota).'}
X6pyDwa3nGw.mp4,False,dict,True,['error'],{'error': '429 Resource has been exhausted (e.g. check quota).'}
X96RjH8WC5o.mp4,True,None,False,,
WjBuFH4NPno.mp4,False,dict,True,['error'],{'error': '429 Resource has been exhausted (e.g. check quota).'}
XEEU1nQeGNA.mp4,False,dict,True,['error'],{'error': '429 Resource has been exhausted (e.g. check quota).'}
XH3Xu1-cvII.mp4,True,None,False,,
X7ifDf6chNw.mp4,False,dict,True,['error'],{'error': '429 Resource has been exhausted (e.g. check quota).'}
XCibiAnJ6Ts.mp4,False,dict,True,['error'],{'error': '429 Resource has been exhausted (e.g. check quota).'}
XHSoS4p9688.mp4,False,dict,True,['error'],{'error': '429 Resource has been exhausted (e.g. check quota).'}
XLpQDBP20X0.mp4,False,dict,True,['error'],{'error': '429 Resource has been exhausted (e.g. check quota).'}
XG0_olXLkKg.mp4,False,dict,True,['error'],{'error': '429 Resource has been exhausted (e.g. check quota).'}
XKR1ScQUpcA.mp4,False,dict,True,['error'],{'error': '429 Resource has been exhausted (e.g. check quota).'}
XV-1XpGxhgo.mp4,False,dict,True,['error'],{'error': '429 Resource has been exhausted (e.g. check quota).'}
XXwV6lUfMqw.mp4,False,dict,True,['error'],{'error': '429 Resource has been exhausted (e.g. check quota).'}
XWzNExv2nA0.mp4,False,dict,True,['error'],{'error': '429 Resource has been exhausted (e.g. check quota).'}
XVLBEsG0MH4.mp4,False,dict,True,['error'],{'error': '429 Resource has been exhausted (e.g. check quota).'}
XbLZe1r0DJk.mp4,False,dict,True,['error'],{'error': '429 Resource has been exhausted (e.g. check quota).'}
XZn4opyPfEI.mp4,False,dict,True,['error'],{'error': '429 Resource has been exhausted (e.g. check quota).'}
XgUJP6xGHOs.mp4,False,dict,True,['error'],{'error': '429 Resource has been exhausted (e.g. check quota).'}
YN_eu8Jk50o.mp4,True,None,False,,
Yh0V68c1ybw.mp4,True,None,False,,
Z8yW5cyXXRc.mp4,True,None,False,,
ZOJCmPKaYN8.mp4,True,None,False,,
_BZsIY6PUPU.mp4,True,None,False,,
_Kmh4BbJPz8.mp4,True,None,False,,
_SsccRkLLzU.mp4,True,None,False,,
_TBd-UCwVAY.mp4,True,None,False,,
_UKLncvGxQ8.mp4,True,None,False,,
_XOa7zVqxA4.mp4,True,None,False,,
_r7yKaDxGvc.mp4,True,None,False,,
a7w7CTL8VaE.mp4,True,None,False,,
afS5ks54tms.mp4,True,None,False,,
b95oyhSd5ls.mp4,True,None,False,,
bwz98athxQ8.mp4,True,None,False,,
c-PfqVlBUuQ.mp4,True,None,False,,
c19HRM0x-lA.mp4,True,None,False,,
c9THt-uJRTU.mp4,True,None,False,,
cXw2gm4yPEE.mp4,True,None,False,,
ccWrbGEFgI8.mp4,True,None,False,,
cyVzjoj96vs.mp4,True,None,False,,
d5kW4pI_VQw.mp4,True,None,False,,
dDTBnsqxZ3k.mp4,True,None,False,,
dJaLU0w5Do4.mp4,True,None,False,,
d_XTFjvvcnQ.mp4,True,None,False,,
dt8WKBM6Tjs.mp4,True,None,False,,
e8374g64kCE.mp4,True,None,False,,
eZgD89VYkVc.mp4,True,None,False,,
fB9ERHjCzfI.mp4,True,None,False,,
f_SwD7RveNE.mp4,True,None,False,,
ffQf0ztguzs.mp4,True,None,False,,
g0u0oEUcasU.mp4,True,None,False,,
g7trxwtUgVg.mp4,True,None,False,,
gQPN3UKQM-U.mp4,True,None,False,,
gqkNPcUMffU.mp4,True,None,False,,
gt0QF8-dTNw.mp4,True,None,False,,
hNqwBTCslMw.mp4,True,None,False,,
i3Nkujj45pk.mp4,False,dict,True,['error'],"{'error': ""Invalid operation: The `response.text` quick accessor requires the response to contain a valid `Part`, but none were returned. The candidate's [finish_reason](https://ai.google.dev/api/gene"
iKQH9wQaviw.mp4,True,None,False,,
iN9hRCxwxBQ.mp4,True,None,False,,
iYhCn0jf46U.mp4,True,None,False,,
ib-Qiyklq-Q.mp4,True,None,False,,
jR7RYKPJBdo.mp4,True,None,False,,
jgC8y0ksrRg.mp4,True,None,False,,
jjV91ZRqu-o.mp4,True,None,False,,
jlXRengzZoc.mp4,True,None,False,,
jnvgq8STMGM.mp4,True,None,False,,
jsP0W7-tEOc.mp4,True,None,False,,
kQyAJv_Ordg.mp4,True,None,False,,
kUJjvwkcWcg.mp4,True,None,False,,
kZV01QAcl20.mp4,True,None,False,,
l10LhdDwTZc.mp4,True,None,False,,
l1vnsqbnAkk.mp4,True,None,False,,
l6i-gYRAwM0.mp4,True,None,False,,
lYKgRdBJ-vw.mp4,True,None,False,,
ltqssfzVyrw.mp4,True,None,False,,
mBbjL3Ktn_c.mp4,True,None,False,,
mGs4CjeJiJQ.mp4,True,None,False,,
mR9UgTWUELo.mp4,True,None,False,,
mh6vHoyBs58.mp4,True,None,False,,
miC1VZ9UVCQ.mp4,True,None,False,,
msMehuZo3x8.mp4,True,None,False,,
n4OAtMEXNfc.mp4,True,None,False,,
nazd-KgCjVI.mp4,True,None,False,,
nkBBsOEY8PU.mp4,True,None,False,,
nnsSUqgkDwU.mp4,True,None,False,,
nojWJ6-XmeQ.mp4,True,None,False,,
onbZV52GWpk.mp4,True,None,False,,
onkxJLj0G7g.mp4,True,None,False,,
oo5zwV6_yVs.mp4,True,None,False,,
owGykVbfgUE.mp4,True,None,False,,
p5n2x0ox47w.mp4,True,None,False,,
pEoZbXB78NI.mp4,True,None,False,,
pieK7b4KLL4.mp4,True,None,False,,
q9fms5He5bM.mp4,True,None,False,,
qAY_o36paQ0.mp4,True,None,False,,
qIVDxL2lgN4.mp4,True,None,False,,
qLIW8JWk1RI.mp4,False,dict,True,['error'],"{'error': 'Invalid operation: The `response.parts` quick accessor requires a single candidate, but but `response.candidates` is empty.\nThis appears to be caused by a blocked prompt, see `response.pro"
qhbliUq0_r4.mp4,True,None,False,,
qqpcBpSsj1A.mp4,True,None,False,,
r5vgDdzJ_So.mp4,True,None,False,,
rKUNJMrFeUs.mp4,True,None,False,,
rmPRHJd3uHI.mp4,True,None,False,,
rn0lwGk4u9o.mp4,True,None,False,,
t4_dZPVg8KI.mp4,True,None,False,,
tKXxJ29HEiQ.mp4,True,None,False,,
tYysQOHTimo.mp4,True,None,False,,
tzY7qQFij_M.mp4,True,None,False,,
u5kiz7GhJt0.mp4,True,None,False,,
u9FEg5qur14.mp4,True,None,False,,
uAgxZ-l5pY8.mp4,True,None,False,,
uDCsU5wUvdQ.mp4,True,None,False,,
uLTIowBF0kE.mp4,True,None,False,,
uykVxooNL70.mp4,True,None,False,,
v8DZc2PUUq0.mp4,True,None,False,,
vPcjTefW_Ao.mp4,True,None,False,,
vSROQRmdZJU.mp4,True,None,False,,
vUAPQ-zAUTE.mp4,True,None,False,,
vUF7ja9ehIs.mp4,True,None,False,,
v_AMEYsBxZA.mp4,False,dict,True,['error'],"{'error': 'Invalid operation: The `response.parts` quick accessor requires a single candidate, but but `response.candidates` is empty.\nThis appears to be caused by a blocked prompt, see `response.pro"
vnOyMSEWNTs.mp4,True,None,False,,
vtP-S9OS0o0.mp4,True,None,False,,
w5NH6qXvB9c.mp4,True,None,False,,
wO7HQ4fNrpA.mp4,True,None,False,,
wT4DR_ae_4o.mp4,True,None,False,,
wY7Gvq0P4hc.mp4,True,None,False,,
wYj5o4kQsXs.mp4,True,None,False,,
wczdECcwRw0.mp4,True,None,False,,
xFnB0uK7PcQ.mp4,True,None,False,,
xTpv9lc_qMw.mp4,True,None,False,,
y5ejwRj9t1Q.mp4,True,None,False,,
y9ajRIgTJNA.mp4,True,None,False,,
yGVaArcV9BE.mp4,True,None,False,,
yH3YLcQxxmA.mp4,True,None,False,,
yKY2O4KFmMU.mp4,True,None,False,,
yR0lWICH3rY.mp4,True,None,False,,
yVI7JelAzPc.mp4,True,None,False,,
ysgwcKNdWg0.mp4,True,None,False,,
z6Pj5oJzYLM.mp4,True,None,False,,
zAQa8YWyXTA.mp4,False,dict,True,['error'],{'error': '429 Resource has been exhausted (e.g. check quota).'}
zFubzSu2AOE.mp4,False,dict,True,['error'],{'error': '429 Resource has been exhausted (e.g. check quota).'}
zKaIlT_lK1s.mp4,False,dict,True,['error'],{'error': '429 Resource has been exhausted (e.g. check quota).'}
zP3DcpSSH34.mp4,False,dict,True,['error'],{'error': '429 Resource has been exhausted (e.g. check quota).'}
zE9wNkE820w.mp4,False,dict,True,['error'],{'error': '429 Resource has been exhausted (e.g. check quota).'}
zMIKBDwUcrQ.mp4,False,dict,True,['error'],{'error': '429 Resource has been exhausted (e.g. check quota).'}
z_Wah7jp0Jw.mp4,False,dict,True,['error'],{'error': '429 Resource has been exhausted (e.g. check quota).'}
zeArvKw2Y-c.mp4,False,dict,True,['error'],{'error': '429 Resource has been exhausted (e.g. check quota).'}
zKQbsrRutvE.mp4,False,dict,True,['error'],{'error': '429 Resource has been exhausted (e.g. check quota).'}
zeGT4UArCdc.mp4,False,dict,True,['error'],{'error': '429 Resource has been exhausted (e.g. check quota).'}
zSM6sAtyvyg.mp4,False,dict,True,['error'],{'error': '429 Resource has been exhausted (e.g. check quota).'}
zeeBp2uqcKc.mp4,False,dict,True,['error'],{'error': '429 Resource has been exhausted (e.g. check quota).'}
zkd5dJIVjgM.mp4,True,None,False,,
zcdDg30VBgo.mp4,False,dict,True,['error'],{'error': '429 Resource has been exhausted (e.g. check quota).'}
zrIe6n-ZK_E.mp4,False,dict,True,['error'],{'error': '429 Resource has been exhausted (e.g. check quota).'}
zvydETA5cYw.mp4,True,None,False,,
zvq5rMEbNbw.mp4,False,dict,True,['error'],{'error': '429 Resource has been exhausted (e.g. check quota).'}
zx_cmAIyaDQ.mp4,True,None,False,,
zl71eFcqBnQ.mp4,False,dict,True,['error'],{'error': '429 Resource has been exhausted (e.g. check quota).'}
zwY6acYYO3o.mp4,False,dict,True,['error'],{'error': '429 Resource has been exhausted (e.g. check quota).'}
zv750BWrUhY.mp4,False,dict,True,['error'],{'error': '429 Resource has been exhausted (e.g. check quota).'}
